Xvalues,Yvalues
0.048575,176.48
0.049814,182.05
0.019988,40.17
0.049777,174.64
0.01799 ,34.27
0.020986,41.51
0.016958,28.03
0.017046,32.51
0.017218,28.7
0.025132,40.71
0.030294,78.03
0.021328,44.98
0.022138,47.78
