Xvalues,Yvalues
0.035736,114.1
0.036287,112.63
0.021668,40.84
0.029751,74.31
0.015183,23.93
0.017247,29.96
0.017449,28.66
0.018002,31.51
0.01597,25.65
0.01629,26.36
0.021174,39.25
0.024881,55.69
0.018049,31.59
0.019021,34.77
